Expected I/O pages,Index,Base Models,Improved Models,Reduction %
1.01,PGM,25088692,660574,97.36704488221227
1.5,PGM,82803,42878,48.21685204642344
2.0,PGM,22913,15766,31.19189979487627
3.0,PGM,5996,4975,17.028018679119413
1.01,RadixSpline,27378554,2406374,91.21073377359521
1.5,RadixSpline,230602,130356,43.47143563368921
2.0,RadixSpline,68357,48616,28.87926620536302
3.0,RadixSpline,18705,15485,17.214648489708633
