Expected I/O pages,Index,Base Models,Improved Models,Reduction %
1.01,PGM,27442809,713356,97.40057222276334
1.5,PGM,531425,240051,54.82880933339606
2.0,PGM,258362,151841,41.22936035485095
3.0,PGM,120486,88435,26.601430871636538
1.01,RadixSpline,31451334,2562804,91.85152528029495
1.5,RadixSpline,1023185,581190,43.197955403959206
2.0,RadixSpline,504121,344880,31.58785291626415
3.0,RadixSpline,245665,197122,19.75983554840942
